V1,V2
3.009399156,0.881089678
2.854895424,-0.395773039
1.828525851,2.079472737
1.721226493,-0.282184927
0.84589319,-1.115406448
0.469111662,-1.35450559
-0.260388044,2.86530424
2.452181096,-1.896642888
-0.384631088,3.553817785
2.897375379,-2.884939867
0.217585654,2.252669841
2.938595595,-2.072306746
-0.477966355,0.605568725
1.82410067,1.264349851
-1.898970468,4.262327915
3.280341986,-3.473515912
1.008964112,3.046293885
3.050800878,-1.041539424
-0.148222905,3.768727348
0.449507755,0.228104464
6.064461459,-0.577021002
0.257184534,1.987932274
2.070474496,0.233547168
0.480457481,0.966378514
0.733983377,-4.781945447
2.897526103,-1.197954472
1.011148001,0.853063918
0.234753087,-0.58219789
0.213554627,2.240530657
3.668076944,-1.495535201
2.228165315,-1.594229983
0.417487481,2.506826893
-0.630845163,0.047097525
2.170938601,-3.272234136
5.001713834,-0.106175443
3.959898421,0.712463571
1.579884008,-2.867026776
0.354976815,-1.852357359
1.694351653,-1.637384223
2.369818777,0.825836207
3.164625517,-0.500605405
1.597778465,-1.400073035
0.879240761,2.628115808
2.962257231,-0.848842917
0.581438059,3.440300121
2.631386238,-0.902402425
3.951318049,0.688278458
0.498294898,-2.26282848
-0.176561769,3.934892599
1.260415494,1.381822609
-1.248068383,-0.79020915
0.521988343,1.12543948
-0.946884281,-0.689307195
1.056493612,-2.377048599
-0.522843979,-0.33653151
3.454142342,-0.520657765
-0.251478678,-1.273125305
1.725080749,2.118905878
2.539504902,-0.972411664
0.799310564,1.556128018
1.282277419,-1.074535471
-0.704896814,2.296833143
0.19564547,1.575772711
-0.109094701,2.628665696
0.878267296,0.056513173
0.992152856,-0.090416227
2.029899692,-0.634656449
1.595703032,0.418769231
0.940327395,-1.095771211
1.191376117,-2.846457077
-0.199863647,2.970289259
1.484836743,2.476904805
1.653143721,-2.074121053
1.091027264,1.304777173
1.0179052,-0.574906288
1.677786766,-1.485014417
2.996833232,-0.45330641
-0.054464934,-1.031865972
3.002361262,0.317058266
2.482860528,-2.026779012
-0.648260833,-0.085221546
1.427439409,-1.01336667
0.358710471,3.8593978
3.111059507,-1.254063295
0.959539802,3.04584947
-0.025547833,3.127143094
1.414670734,-2.428342057
1.209786165,-4.580401695
1.331994965,1.674416544
0.776826605,-1.393815662
-1.319017171,4.076269394
2.924625614,-2.828296017
2.579459946,-2.396049219
4.190363627,-1.079934944
0.309261362,1.903556955
-0.463541501,3.829511054
-0.192561943,-0.673052009
-0.333635745,4.175365828
1.363729242,0.075708653
4.486502239,-1.909291696
5.034604142,-0.358800931
0.826705993,0.202888183
-1.953014379,4.88153663
0.525515097,2.197071816
0.606658056,2.853205055
-0.343486982,-0.799278501
1.476096508,-0.412918889
-1.71125342,2.944595839
1.680895505,-0.803766075
-0.181645481,2.08792759
-0.143106332,3.088009637
1.699781053,-2.692388274
0.656092832,-3.582153637
3.563957469,0.44913379
0.077327555,3.463908634
2.87379149,-0.436082183
-0.03115201,-3.441763854
2.170220728,-1.87412235
2.078714143,-1.744589478
3.254507712,-2.433216593
-1.612084608,-1.480747303
0.006973742,-2.358530534
4.310217921,0.308971127
3.998431178,0.236452104
2.777737539,-1.485983093
3.520568326,0.979095623
3.437218093,-0.627098419
1.622809553,-1.928863918
1.887217597,-3.173379295
-1.425119023,-2.427759399
2.679247028,0.006675591
1.172502727,0.500120464
0.202787908,-0.18839682
-0.917617834,3.119741475
1.449678991,-2.848596769
3.675253419,-2.137859836
-1.663506694,-0.913079246
0.512332392,-2.038473558
3.920782491,-0.26880355
2.453884972,-1.48143713
2.23720035,-0.006880899
4.345636211,0.766894347
2.044491337,-0.72309682
-0.399500054,-1.006940588
-0.306101315,1.335499291
2.115571797,-2.19777488
3.512424962,-1.41330267
0.68129227,3.313701565
2.06056352,-3.274245253
1.671574249,-1.864874153
2.513004821,-1.429530355
-0.410439463,2.13533919
1.823230174,0.933534835
1.189337681,-1.436286671
-0.712717155,4.176554107
-1.466493559,3.212943494
-1.458757992,-1.522780029
0.350478632,1.086035444
1.225363636,0.535682384
0.364027235,-2.016649921
1.707504933,-2.351296257
1.782712889,1.732172293
1.958783373,-1.750048255
0.931865263,2.683969152
2.249580965,-0.405471907
0.863728003,-1.617342104
0.570729677,2.34311031
2.679427076,-1.556533315
-0.756431056,2.919572263
2.912509689,-0.643712955
-0.910427068,3.654513034
3.620465677,-1.284297107
-0.801930951,2.697658666
0.566585242,-3.055526122
3.092616558,-1.112405685
-0.079247631,2.264280398
-0.840663238,-0.650559772
1.138271011,-2.846068885
0.667898472,-2.491122799
1.222066844,-1.535746085
0.509518907,3.148849521
-0.564530931,-1.342464803
0.287119813,2.570283306
3.082278955,-1.194257386
1.720008138,-1.367683792
0.107770652,-3.201273352
0.230096959,-1.157768932
-0.148409196,3.033774687
0.471317362,2.232537421
2.844897052,-1.721263232
-0.401381913,2.992218391
1.244378142,-1.154452474
-1.382721645,2.993825761
4.882597343,-2.420066503
0.823356567,-2.263484345
-0.471768322,-0.652978922
0.293338666,2.985352301
2.199897867,-2.307023246
4.191407893,-2.659082173
0.377388258,-2.469243023
1.665423119,-3.946344811
2.182824453,-2.39701322
1.470143818,-2.515998933
2.153659331,-0.225738328
1.695209625,-0.993361042
2.122871509,-0.293641772
1.243228419,-1.674213064
1.468852438,-0.221802176
0.213932802,-2.486291696
0.567115613,-1.965120701
2.856280765,-0.621612319
0.183418811,3.12100264
0.27808334,-2.304657337
1.171039193,-1.869900673
1.654747876,-0.046169655
3.970744548,1.26410849
-0.064787329,-0.901848345
2.953097036,-1.812471456
2.682682691,-1.792443468
-0.283388727,2.939728892
1.603218848,-1.293467813
-1.54750326,-1.71769007
-0.676149527,-4.144366739
0.310134407,2.728601059
1.450005387,-2.094672972
3.369016069,-3.566179458
0.466088679,2.546861141
2.264519038,0.398185466
0.478241059,3.988698009
2.225504755,-0.961155143
0.981936966,2.0222043
1.299604348,-2.578104825
0.499524463,-1.662043607
2.667283917,0.225050956
2.732162218,-2.073108915
-0.088045186,2.34206247
3.415039014,-2.221531157
0.874689689,-0.331071405
2.036225827,-2.273395544
1.629846521,0.104610136
3.819768347,0.371214432
1.166066825,2.609509529
2.743459702,0.780729346
0.987413935,1.469301002
1.813360675,1.960414075
1.786449436,-2.398110805
2.920535092,-0.58668283
1.872684984,-2.208988143
-0.255985493,3.569866227
3.111268698,-0.878067506
-1.212396148,-1.79394879
4.458117358,-0.066484503
1.725482645,0.95372577
3.230080756,0.282787796
3.033295012,-1.727313381
0.267213969,4.427654946
0.567983666,-2.725268402
3.344755803,-1.237090706
4.759311457,0.298280345
1.222661136,-2.237992252
-1.19316984,3.024199499
2.628699544,-1.880880749
3.991049666,-1.095170611
2.525265546,-1.147047904
1.41376592,2.03472358
2.263159287,-1.885907481
-0.170691271,2.786334775
2.664085469,-2.467748681
1.239318642,0.79332484
0.5261524,0.208245398
2.129620146,-0.407512676
0.138772574,-1.346602044
1.884783117,-1.781107839
2.91950841,-1.960950171
0.310813093,-2.264844109
0.237907217,1.662337988
-0.470428773,-0.23555068
1.238828183,1.707308933
-0.940059806,1.89631186
1.510664733,-1.041758839
1.213214384,1.537857742
0.021054738,4.319323194
-0.190084963,2.871382663
3.097351679,-0.580524917
1.92996858,1.227211709
0.503585571,1.173455266
1.990261166,-1.75658347
1.21765634,0.693828173
-0.268495729,3.164861924
1.974887637,-1.153679938
2.410735388,-1.221671724
1.380019801,-0.679593516
1.728788325,-2.167010772
-0.483031642,-1.582227765
1.949749944,-1.119115942
3.368978825,-0.131391479
4.014671128,-1.770817014
2.714565689,-2.14442216
2.371509497,1.297863166
3.785350201,-1.08774199
0.717114871,-3.46072149
2.954591334,-1.913561979
-0.557528148,-1.970930374
2.765490989,-1.223253716
-1.110832172,-1.576545394
2.281594978,-0.586890882
2.658029501,-0.089898862
1.698026613,-2.365240869
1.272248912,0.806692069
3.497960743,-2.014361779
0.881625085,-2.0639821
0.148737997,-1.256679363
0.75817739,-0.895377628
2.809255749,-2.490070914
1.932908691,-0.804627797
2.697144406,-0.777399879
-0.114067659,2.944012914
2.337778777,0.993101457
2.031079482,-3.698485101
0.429455508,1.584141862
2.060369156,-1.132334745
0.670461227,-0.003448406
1.186402599,-1.02348319
1.938391196,-1.238027992
0.490566612,-1.989392318
2.242716314,-2.46243675
3.290679539,-3.112565164
2.104420526,0.404556433
2.460137185,-0.628721459
0.738114595,-0.802417741
-0.892364616,-2.907359148
3.137208569,-0.540647659
2.126418458,-0.854385692
2.302583228,1.019845865
1.163596022,2.560554291
-0.954228123,2.572801176
2.244628428,-1.136836913
1.109334999,2.771540024
0.95801358,4.386468154
1.925170859,-0.522471133
1.87165042,1.621342152
1.985885747,-1.423630912
1.359090968,-0.388149274
2.056926933,-1.3170621
1.671854427,-1.615910849
1.574800716,1.371053738
-1.340843071,3.379038629
1.209749776,2.891583569
2.359465882,-2.376760271
2.057065699,-1.413621322
0.200620467,-1.75728468
0.63315215,2.93070023
0.073156601,2.301667545
3.122668124,-2.04296566
1.478850236,-1.043494642
3.10982373,-2.291249537
0.268810715,2.392018371
3.092437805,-1.188169758
-0.312959442,3.166529262
0.188558143,-1.301118556
-0.139192417,-0.723810887
-0.925917073,-0.619295763
0.299173481,0.442055705
-0.098420062,-2.110464028
2.691015539,-1.537239786
1.142935157,-3.468081526
4.066521966,0.016686767
2.795029467,-0.569982736
0.085151673,-2.848870874
-0.408828411,3.255253284
-0.577757092,-0.491590825
3.004842349,-1.945350031
-0.771768169,3.550778128
2.541897122,0.022324744
1.845887771,-0.584167921
2.451210536,-1.038172654
0.376453521,-2.373806473
2.136302069,-1.422301724
1.102459622,-3.677071028
0.93680545,0.408084378
1.092812385,3.212479103
0.294073252,3.012131067
-0.05329851,-1.726284312
-1.205139597,-2.382338644
-1.108840039,-1.742493171
-0.95609313,5.426012242
1.834979866,2.380884917
1.40326178,1.59952434
3.001795974,-1.019554973
1.779944724,-0.358592315
1.636039885,0.152495659
0.617762824,-0.761567485
0.346123035,2.866250809
-0.189011114,3.213912026
1.207980435,-1.054596391
0.841056849,3.46409805
0.810484195,3.004397368
3.932514694,0.998480712
0.918231569,2.603632891
-0.420252404,3.359683881
2.691604812,-0.543208385
3.554987073,-2.469570528
3.373779062,-4.338755652
-0.275691893,3.24849469
1.64895447,-3.177602577
2.613690858,-0.813219077
3.507644995,-1.725418313
1.671094444,-1.337884424
0.728093263,2.640895794
0.691559025,1.176495642
4.596427396,-0.488685586
4.228815137,-2.647210992
3.955079956,0.162957287
0.381824795,4.248233687
-0.329613517,3.375982953
1.962067716,-0.53304637
0.739403703,3.704872688
0.971086978,0.830013521
2.954122249,-1.362560171
-0.695165285,3.725579451
-0.057596285,4.578804149
-0.740280128,1.146602615
2.685962716,0.22513778
1.003193684,-2.504238085
1.463685239,-0.412245247
0.701681649,2.820592943
-0.024610358,3.761344942
-0.416200814,-0.155833278
1.63340945,-2.538848298
4.271809838,-2.52779965
1.466966906,-2.490885506
-0.591502953,2.31129612
-1.31374648,3.748948051
2.113162888,-0.223361485
3.308521793,-3.072477391
2.415194208,-0.33927988
-1.432351527,3.493760797
2.689762025,-1.901441148
0.701297871,-2.673387197
2.908164331,-1.103643086
0.514440936,2.573578072
3.4215221,-1.15031201
2.57456834,-2.391366484
0.161359431,4.401150269
0.242746503,2.717224476
1.449948199,-1.131552346
1.353952242,-2.922490255
-3.196898874,4.636495808
1.839170883,-2.069170206
2.456245971,-1.635066377
-0.12657309,-1.264301551
1.983672666,-3.407677755
-0.067320493,-1.146115839
0.893931223,-0.683670609
0.370835207,3.057696175
-1.332447388,4.18460462
1.992119423,-2.405177646
1.018084221,1.324058907
-0.510343227,3.162491827
2.254481845,-0.893940492
-0.391861094,4.011812707
-0.808460161,4.60863981
-0.458897492,-1.218037859
0.508459346,2.926231383
0.79578063,2.768498847
2.668051628,-1.17185362
2.23485643,2.196282522
0.590053421,1.439164901
0.678220498,2.547825769
1.216691516,-1.071819064
1.933236765,1.512856702
-0.865725452,-0.192262348
0.240323371,1.264517587
4.951672173,-1.925067528
1.523937998,0.746673334
2.721114042,2.218847052
3.726309422,0.926898761
-0.207423158,-2.63913885
-0.028591624,2.230275041
3.516188652,-0.983933914
3.361579714,-0.969357586
2.912460259,-0.301869588
2.922811529,-1.321212674
-1.457530335,0.552987873
1.421398119,-4.074374427
-0.289222592,3.26629304
0.638602772,1.604483519
3.322131729,-1.688303861
3.077718046,-1.774912743
2.334571798,0.131452546
-1.700877708,1.555269343
2.548157215,-1.660945933
0.710878679,2.078472253
2.280723251,-2.312984204
-1.51886982,-2.043268991
0.361793086,1.334266007
1.64847812,-1.72411505
2.553904183,-0.756863836
2.4990367,-1.559554064
1.659519635,-4.236066621
1.0666013,2.674262234
0.710240411,-1.777661942
3.050444344,-1.397975732
-0.003861242,-2.56097424
1.865719644,0.407218264
2.987160667,-1.804148685
2.59133021,3.007066223
0.976579975,-0.794912372
1.663145805,-1.370984922
1.172795691,0.557850588
-0.959674163,-0.71794687
0.026194567,3.496804975
1.957707101,2.286594318
0.294717331,-0.873230166
3.367256379,-2.657738155
-1.128851127,3.780947185
0.104172983,1.031331465
-0.140066123,0.971051973
-0.663109313,3.390006478
-0.454837564,4.080108934
-0.915105392,3.606501119
0.181938272,3.097148656
1.656703959,0.654925991
3.354212539,-0.914639262
2.045148629,-1.055919834
2.138611759,0.058876024
-0.050431789,2.94366545
3.545793697,0.641594443
0.68813071,-0.696589329
3.243003222,-1.939384613
2.576578554,-1.733302857
0.90415985,0.977089974
1.558913722,1.929751301
-0.981473569,4.124318926
0.405479793,0.399369057
2.85512421,-0.384017333
1.135704778,-3.501883161
-0.116614855,-0.952594343
-0.630775019,3.964824752
1.661889227,-1.732509418
1.637680263,1.451888428
0.854600248,-0.881672377
-0.083210098,1.84608658
-0.189857481,3.196240581
0.8184792,-0.303688227
0.772501055,3.356405981
2.669464462,-1.185484354
2.298421344,1.203710474
-0.042027054,2.908666031
1.90946742,-1.371563463
-0.407108064,4.41294715
-0.432798429,3.948062153
2.362435891,-1.920083528
1.358971158,-1.137732137
1.673143708,0.357921783
4.634909272,-0.421837983
-1.004448076,0.138406321
-0.331242788,2.07323175
0.793344622,3.568059194
0.502933456,-1.349636848
3.548496146,-2.056846667
5.342973665,-1.094892711
3.470551278,-1.830808648
0.656971689,1.524383311
0.677671515,0.533469935
2.005834923,3.282637243
1.548190786,-2.681298995
0.426504843,-2.055302733
-0.161173339,2.767515236
0.384660871,3.34172313
0.452405389,3.262286956
4.19029812,0.0046855
-0.744318997,3.48302085
2.57691624,-2.059868037
3.678959252,0.847533581
1.478867741,-3.559474587
2.470376559,-0.451026506
0.442113956,-0.844043749
1.048869695,2.01334595
1.433372035,-1.174619013
1.25475703,-1.542999582
1.584621932,-0.500757693
1.893742604,1.871994717
2.669294652,-1.572673251
1.905169254,-2.140199421
1.389004962,-1.165431152
2.350086856,-0.159358338
3.73106803,0.516978458
0.766899597,-1.724086791
0.155842724,0.451352627
2.829204652,-2.635925778
-1.957743794,3.84498806
1.696686942,-2.014857227
1.543774986,-0.945844374
3.705052285,-2.171588815
0.609870994,3.763008719
0.063500179,3.063070535
-0.214791754,-0.438721733
1.884300393,1.377708256
3.068958556,-1.359529627
-0.885470482,5.593762328
0.957761539,2.82917804
-0.406645465,0.235905889
2.6887167,-1.379754322
1.448759801,-1.354130623
4.060286782,-1.584524111
1.279497794,3.634657748
2.416043092,1.74200714
2.220191327,0.491759514
1.911293222,-1.409356679
2.781405326,-1.036148722
1.825427929,-0.37372673
-0.360782572,-1.475580089
1.576252053,-2.871798082
2.222435723,-0.327697209
1.750565361,-2.318967851
0.024438202,3.208550112
0.789969217,1.512263259
-0.187203946,3.844528199
1.453177068,0.696863656
-1.806523769,3.751355998
0.766854408,-0.338074677
2.322637901,0.548963599
1.617396727,0.66196202
1.235077487,0.773574387
0.751163757,0.003262077
-2.248785117,4.477281542
-0.495232505,3.016598128
1.981378444,-1.316772854
0.445119492,2.994184054
-0.105093764,3.390565934
3.221876101,-0.469490786
1.736077932,-0.830088555
1.457424426,-0.904480617
2.901370271,-1.843152862
-0.035393929,3.653652971
3.55434198,-1.849589442
1.226058165,0.552209862
1.475298972,-2.343357312
1.560836277,-1.932351801
1.49405742,2.605821998
1.209993027,-1.144081818
2.614565014,-0.494663281
1.288447639,0.081714878
-1.013204388,-0.598320896
2.646458883,-1.321723478
3.881149231,-3.167995956
1.97583082,0.700934409
1.907899399,-2.097005782
-0.271673312,2.661676886
0.87728637,0.495233549
0.739198499,-2.21845828
-0.208241467,2.893694621
1.361791271,-1.537506926
2.508285149,-0.910909231
1.431368467,-0.871444282
2.589226849,-1.373163859
-0.29851717,0.616852512
1.687946762,1.695277983
3.255472128,0.202320277
2.676383472,0.359311098
1.740951503,-0.116944261
3.605699911,-0.745611037
0.773172213,-2.750452289
3.843522573,-0.655346149
-0.029496381,4.093375063
1.528311985,-1.717238756
3.820360244,-2.990966693
-1.099555496,2.358659112
0.502471792,-1.334428933
3.292524164,-2.42709339
0.44212368,1.015130888
0.206255324,-0.151426267
0.431789687,-2.693101026
1.365720205,0.443414496
1.432105606,-2.417136873
2.970365706,-1.493224551
0.738679314,1.500363346
-0.140858826,-0.650718511
-2.151397723,-1.464062222
0.005359623,1.130826072
1.395878809,-1.493539256
1.997783708,0.070090511
2.523701765,-0.619080925
-0.581827549,-0.78475375
2.133323793,-0.345298562
-1.064159588,-0.128157034
0.370154968,-0.243910485
-1.044632288,4.274431381
0.586788901,0.299883395
0.137652147,1.57524495
1.756473266,-1.228357319
1.561459795,0.975929355
0.539132028,2.425807089
1.477472707,0.962623175
2.810526021,-2.062414197
-1.124184611,2.472441695
2.165160438,-1.77411628
0.107082121,-2.291170592
0.134192695,-2.495222979
1.361499213,-1.039780708
-0.80562577,2.604884635
-1.534652111,-0.835718958
-0.263197734,-0.227077884
0.248320054,1.582735098
-0.601650984,4.222494204
-0.304409766,3.915298106
3.155690295,-0.588912453
0.168985395,-0.501468067
1.962974905,-0.998083037
-1.157124291,3.225658922
3.585061607,0.16573378
3.803064737,-2.241811094
0.600138082,-0.815591449
1.068344537,-2.19222955
-1.943529345,-0.848886156
1.591773383,1.494598356
-0.109628053,-2.161637894
2.703422952,-0.825027127
0.244982898,3.295886044
-0.296308604,-1.337576313
-0.396004164,-2.485805735
-0.016939838,3.802220745
5.247048748,0.746717869
-0.002188282,4.238211153
0.290512926,0.41351714
2.583255847,-0.707323746
2.108377202,-2.86174771
-0.29189573,1.5898238
0.115530555,3.455558577
2.246690527,-2.713715095
-0.691932119,-1.044129864
0.039624375,-0.590293048
2.829324148,-3.047409259
1.83693327,-1.698655283
1.75151436,-0.394562963
1.511062959,-2.76865338
1.100370235,0.900434354
-0.806353476,3.306203761
1.471393292,3.058039593
2.110297362,-1.765320234
0.676916897,-0.372529912
1.923405727,-3.398299035
2.023286066,-0.749124955
3.675669231,-1.468843371
-0.539892225,-3.211733061
1.681571529,0.62446002
1.46436557,-3.18036616
1.1396925,-1.292408525
1.322300447,-1.498905033
0.5490665,-1.52322524
1.10391726,2.602256362
-0.323058584,1.303314656
1.015476822,-0.147144807
-0.837735191,-0.801974681
3.050274098,1.985876491
3.855957631,-1.180163537
0.363224239,2.345767808
1.190387332,-2.43595906
3.316994638,-0.524293547
0.504317553,-1.212460991
0.009531401,1.742366863
3.359598807,-1.141109557
0.066649718,2.753764168
3.223212907,-1.339206144
2.219286973,-2.995032041
0.663884129,-1.63595723
1.721211611,0.797495134
1.545914718,-1.276154357
-0.098748094,-0.916889563
1.018237229,0.855750142
1.725322142,-2.83077514
-0.230748074,1.998731008
0.699716598,1.686341506
-1.576132249,-1.197436301
2.637863851,-2.835494935
0.257026991,-0.755143536
0.652310329,-1.891070934
-1.303389712,3.708103064
0.047858514,-1.297073157
0.708869022,-3.123167023
-1.38800269,2.254978491
2.758896856,-2.135613843
0.984351082,-1.044897306
1.123251097,3.294663719
-1.209129901,3.603967211
2.936794909,-1.894868584
2.439054963,-1.110760599
1.757697384,-1.326046287
-0.58880452,-2.028094264
-1.063268223,3.092414288
2.610882144,0.543065572
2.629128535,-1.453405848
1.699272759,0.680487409
0.065969897,2.85033722
1.554760024,2.662473449
1.063991624,4.132774622
1.687476253,-0.560222036
0.57007136,1.640430811
2.266957962,-1.590038002
2.915093243,0.035039437
1.496091777,1.891652277
1.761926002,-1.500242195
4.369998264,0.176398883
-0.404323561,4.653420559
1.499143567,1.647832786
1.122973993,2.825258105
4.012335024,-2.480168334
2.112185227,-2.726892172
1.378138799,-2.506715073
2.305921196,-1.388154627
-1.101906431,4.061936486
1.262261674,2.62569968
2.867205998,-1.26509012
4.073455976,0.089466606
0.007370564,-0.607940711
3.029093938,-2.974318791
-0.353178514,-1.745029216
1.032568001,-1.158174054
4.128639856,-1.309494662
0.429660117,1.260455422
0.372297301,-0.986696938
1.581875755,0.427406071
2.07107837,0.421556081
2.118713541,-0.677166839
-0.019943589,-1.583363611
-1.314884436,-1.934332053
1.077660852,-0.782880944
1.873215341,-0.086751853
2.41090533,-2.213840552
1.24458311,-2.745077548
3.169312143,-1.601246349
-0.73439615,2.773214068
1.615327813,-0.226636068
1.108590498,2.150416162
-2.366276729,4.732376753
0.103696668,-1.980868047
-1.572454609,2.483095575
0.710087105,1.496237617
-0.210579398,-0.95700364
2.139580806,-0.268023885
0.060895715,-0.612039079
3.297295743,-2.085087285
4.066250261,-2.397071587
1.378587938,-1.188698416
-1.24715511,3.15678185
0.63923819,-2.353899685
1.110224672,-0.839847934
3.871091716,-0.991255313
-0.347446101,-1.480701316
0.143106186,-0.276055604
0.217289858,-2.182941131
0.748839838,0.725487883
-1.848247709,4.18799063
0.203247722,0.400680028
-1.508415561,-0.477181455
2.884404926,-2.465053679
0.796364332,1.415581733
0.424243779,-1.134931301
2.37109329,-1.165255053
3.003711805,-1.65902918
-0.999757322,-1.138412186
0.11371218,3.390204716
2.167213949,-2.826014741
-0.114546083,3.420298122
1.695098285,-0.396785925
2.406637651,-2.188736271
0.561788377,1.939907924
2.956255275,-1.072181154
3.590789428,0.635332494
0.922618214,2.824697563
-1.025194729,3.378740329
0.425289975,0.226095728
-0.475552468,-0.178551114
2.954687863,-0.546246234
0.10173252,-1.242506738
0.737961227,2.219910938
0.120489693,3.721204898
1.613262923,-0.571732114
-0.632909835,-2.299826577
5.056614228,-0.683460733
3.151886895,-0.638311611
1.086020247,-0.904811011
0.710502384,-0.41641206
2.254506966,-1.97326099
-0.06396322,1.996932649
4.926264237,-1.220915796
1.013823502,-1.339870154
2.73351923,-1.787945331
0.862922127,0.433923655
0.615187283,-0.205477119
0.283110185,3.009839192
-1.433447511,0.418279647
3.365653393,-1.603816522
3.64973843,-0.341841954
0.481567195,1.644307901
-0.394735949,1.964087446
2.580268985,1.257688829
-0.104488217,2.747785027
2.673880654,-0.64678058
2.279527583,0.469370244
2.784707901,-1.123337426
0.872247428,1.91204145
-0.483499525,2.759879069
2.488203712,-2.305388477
1.419989862,-2.624126855
2.451708022,-0.953236136
2.196909825,1.221410662
1.514169035,-0.953076366
4.378504854,-1.239391439
2.33174572,-2.24188489
-0.719737101,3.101679754
3.911199211,0.364447957
0.744686133,2.363106522
5.658652559,-0.201108007
-0.121190568,-2.820395679
0.594248174,-0.309388167
0.812011458,-1.006922745
1.48900363,0.930076886
1.34173975,-0.955106541
-1.1136061,-2.425580994
3.491385106,0.853438043
3.29784124,1.148034835
-0.359039444,-1.341602845
4.152564126,2.436563079
2.474928865,-0.609482982
2.787556079,-1.278702041
0.737250052,-0.713310019
1.917533992,-0.129433613
3.771298958,-2.344055163
0.895889941,3.31370943
2.131325275,-2.413267098
0.77984433,0.394675202
1.405493167,-1.682262248
1.313346171,0.144027933
2.025961899,-1.193329628
2.449282856,-2.157823474
3.335645448,0.251651947
4.877529442,-0.15052212
2.597742501,-0.432668915
0.19826757,-2.507711113
-0.440805754,-2.77112198
0.643456323,-0.699041805
3.0782826,-1.312616106
2.319044186,-2.15420497
1.874231332,-2.087390049
1.698446362,-1.423119042
-0.614591025,0.193654353
-1.309662891,4.193451786
0.589113044,1.501540103
2.142069204,-1.610304606
0.614499571,-1.158336983
1.683727597,-3.058909203
0.770631778,2.85592878
-1.604856538,4.07049254
1.675616045,-3.958816463
0.524583579,-1.827742165
0.783839737,0.034715234
3.987365911,-1.62552975
3.324094688,-1.757969279
0.347692086,3.163834934
2.505951812,-2.687446411
4.306220701,-1.242179004
4.657436221,1.977185113
2.339389563,-1.16389354
0.848871425,-2.567006797
3.531420637,-1.20292372
3.026150521,-3.290700875
0.881244164,-2.771939387
3.172663305,-2.368419661
0.954947574,1.386720281
-0.83767484,4.000499591
2.999782958,-1.720945572
-0.299872766,1.614113365
2.082184936,-1.325989267
-0.950524647,-0.078196216
2.702440415,-1.340259267
3.517594058,1.163415315
0.599025913,-3.084308027
2.423578435,0.137345281
-1.747362266,2.960800648
2.079282033,-3.433762623
-0.715196289,4.10276672
0.277642576,-0.72783079
-1.684995863,3.656792465
1.770253915,-1.389770464
1.785387975,-4.017676994
-0.002017408,2.45409691
3.324364854,-1.903960079
2.816136157,-2.264945524
0.386879215,2.229316816
-0.127385422,-3.830958931
1.452039186,-0.574700144
0.792088622,3.389379905
1.661410074,1.158049628
-0.373882358,3.224341691
-1.020341164,-0.83190749
3.201719411,0.587649807
2.85838494,-0.947640661
0.266201372,2.282884521
0.703027954,2.200534737
2.279688721,0.45350799
1.996833043,-1.532307283
1.507247096,-1.7455806
2.497373708,-1.524474826
4.355361947,-0.346427884
2.955526838,0.181328615
0.155336793,1.637398609
-1.177874322,3.257312164
0.879470972,-0.349258587
-0.587949016,4.466906656
3.136042087,0.222434612
0.034103982,3.687277509
1.451143282,-1.614212887
1.679815787,-1.477161042
0.091393447,2.248130479
1.086117309,-2.032114863
0.528194901,2.668507831
1.079417769,3.029206268
1.685440542,-2.603934986
0.680280031,2.628005174
1.475568318,2.792604817
-0.917662175,-0.803534336
1.138420893,0.668568574
2.477836453,-1.178789418
-2.072708882,5.45952701
3.118586073,-0.296033135
-0.100171652,-3.434187967
0.872378527,0.660134256
3.9256954,0.046859051
2.946869617,-2.247256146
0.825392318,-0.190694882
4.017554482,0.742190977
0.759277542,1.803633822
3.162006235,-1.065494251
-0.48721598,-0.207532418
2.673141052,-2.632955888
0.641514243,-0.168217171
-1.817407595,2.388855237
1.59137122,-1.615563375
3.329953965,-1.773126506
2.271690306,-1.193768848
1.522426241,-0.579481568
3.146106691,0.28975431
2.528018641,-0.141993092
-1.511266672,-0.937846247
1.063022192,-1.756253188
2.396193387,-1.710543725
3.106680287,0.70670697
3.737448615,-0.635728573
1.501188426,-1.44633338
2.212849039,-1.577957258
4.644771403,0.580534488
3.75131006,-1.650771503
0.409331593,2.262155328
0.324253783,1.797856355
2.838846929,-0.523676102
2.936332474,-1.920449148
2.900451156,-1.776190723
4.79145649,-0.583319348
0.068345608,-0.014120487
-0.118149642,3.465410229
3.440765222,-1.2588783
3.630581766,-0.959508491
0.050787022,-3.259881894
0.670181757,-1.76931564
0.516034148,2.028071247
2.354700639,-2.338016612
3.563441231,-1.030975438
1.185270666,-1.700876912
3.931286238,-0.963389768
1.673742362,-2.090839118
3.301424285,-0.650580227
-0.861441977,4.136870068
-1.290016691,-1.775044559
1.155839234,1.445206573
3.435340154,-0.287550374
3.955326202,0.192230896
1.32595282,-0.499414162
0.166857377,3.748205377
3.042672194,-1.295940147
-0.879523504,3.854142989
1.224045189,-2.595429725
3.883123351,-0.132817712
1.073907266,0.978000009
1.366866403,0.498878735
0.465677831,-2.371936277
-1.276179065,-1.274647103
2.227635666,-1.46151985
-1.655291741,3.940708061
0.533964286,3.432654784
-0.361200896,-2.206155028
-0.318931287,-1.072794375
0.269838757,-1.704814608
1.408599743,0.146507982
-0.174326158,-1.662276139
-0.261773751,-1.07998501
2.076887632,-2.183384158
1.392713029,2.397110897
4.039156744,-2.440542757
3.886127299,-2.751773024
-0.018104953,-0.995449054
3.937996334,-0.728814792
-0.621439551,3.302255171
0.32748509,-1.441795279
2.891045172,1.224648423
0.597391589,-0.652856103
2.027615494,-1.843396403
1.280904691,-1.502025859
1.058917297,3.859287972
-0.34431024,2.904180638
1.707162345,-0.721529769
1.910395942,-0.761064924
0.07270838,3.532217496
2.438884075,0.050973026
2.415615435,-0.743124973
0.587161891,1.316694325
0.672603403,2.366086869
5.175121253,-1.507351741
0.433553419,-0.277630864
3.290451687,-1.741734031
0.519852367,-1.391663443
-1.080660366,-1.069982757
-0.02467391,2.496305328
0.628586503,3.384471321
4.638829099,0.821480876
1.638172886,-0.18598273
1.667466424,-2.054055192
-0.31716517,-2.441296544
-1.388035723,-1.639654796
1.148036699,1.976213821
2.875900279,-1.203963809
-0.175233898,1.938856905
-1.439375879,-2.760442752
2.435673754,-0.998512925
5.051650379,1.082992854
2.68499669,-2.003426605
0.114425049,-1.505108232
0.313435083,3.518217782
0.409622857,-2.980874407
2.638878572,-2.859913993
-0.369818178,-0.064883005
1.919386722,2.119333654
1.214158584,2.455187239
1.78777433,-0.048063525
0.919861092,-0.664728241
0.098392793,3.627995984
2.527197182,0.927727536
1.154702411,0.385267435
3.069659162,-2.000096999
4.238250595,-1.036467755
1.872812809,0.475811711
2.374480195,-1.010987882
2.093912659,-2.962517074
3.272601718,1.362392336
1.223580325,-2.561163179
0.233999205,1.701460457
3.415529721,-2.156913796
0.808285906,-0.223739286
-1.016629312,3.528482327
4.052100283,-1.401802901
0.171637667,2.990806478
-1.020392173,5.534491405
-0.163860304,-0.233168929
3.605659713,-3.844396937
-0.80585722,-0.815598638
1.731083043,-1.073958941
3.229622956,-2.323325923
0.546586113,-1.314754185
-1.132785713,3.276566837
1.784434707,0.704328191
3.545220437,-3.194306483
3.647569992,-2.028534216
0.754364761,-0.022170423
2.130875247,-0.62180619
-0.601007679,-2.986294947
2.552615782,-0.495439452
1.422728491,-0.671904527
0.487524232,-1.764403444
3.523028597,-0.73186509
-1.424762569,-2.137720194
3.215533063,-0.629023434
1.754316171,-1.676129222
2.154242582,-1.710036532
2.462965126,-0.947870224
-0.577908543,-2.883947401
2.588187661,-2.819840226
0.730416043,0.10698792
0.962320271,1.925613743
1.33291444,-1.419126379
0.144112563,-1.319703478
2.728403829,-2.395454074
-1.116990046,-2.153645675
2.824739108,-0.480270124
1.921950083,-1.784920055
2.353873687,-0.669164949
3.220368842,-1.564882813
0.461956505,0.250407455
4.861577008,-0.789812945
1.357207112,-3.671114397
2.555649827,0.836751532
1.220449059,0.404355324
0.357718782,2.334718477
0.480166315,3.061447772
2.461127333,-1.172096289
1.440109977,-0.493311035
-1.123985766,3.723473364
0.641925065,1.497154048
0.910111634,0.754105308
1.006737537,-0.498033094
0.499900795,2.1307562
-0.798820856,3.907834183
1.896071182,-0.723305728
-0.906369952,-0.603121624
0.4697339,2.007412222
-0.002975262,-1.169142267
2.82334314,-2.078827648
2.627388342,0.562252242
3.194799569,-0.136990482
3.86454257,-1.65814052
-0.095603154,1.109625589
1.39705009,1.510079603
0.27040041,1.284634094
0.297001691,-3.691181112
3.086825225,0.067960445
-0.280167695,2.82018804
4.151217399,-0.322052601
3.447489659,-1.3116418
0.626800887,-0.489881545
-0.644282166,3.797907558
0.770197274,2.319196542
1.28833939,-0.385031761
-1.360177882,2.640361585
2.01452552,0.665512353
-0.117023804,2.6512253
0.829139451,0.572626982
1.592220026,-1.31930687
0.475521689,-2.041303634
2.091138832,-0.584549614
-1.79410028,0.009606555
0.327261906,1.606083883
3.200157829,-2.778534588
1.264617968,0.116465428
-0.597015894,-0.620149939
0.933123272,-0.171498297
0.691639415,3.426938399
2.119839688,-2.773423381
1.625631831,-1.747834645
-0.975545438,3.387601385
0.369589258,2.691861063
0.115457209,3.730179206
3.643743715,-3.143996677
3.678827343,-0.552276592
3.28380129,-2.329360601
0.259351558,2.196433693
0.991395054,-2.037761142
0.787117006,1.344923055
0.503781281,-2.761136917
-0.042801064,-2.727408545
1.546415581,-0.626726387
3.018091993,0.032842269
2.784126042,0.640093511
0.802381532,2.45316509
0.96132978,-0.705344689
2.83632389,-0.015688956
1.389524166,3.16995148
1.360265208,-0.373104285
1.265043855,-0.076253696
3.038404151,-2.12533797
1.846598928,-0.274863154
-0.179077875,1.600339539
2.203002699,-2.892200635
1.883466542,2.012718425
0.066272523,2.37159023
0.485257311,-2.160054065
2.948226195,-0.248876927
-0.223776459,2.426613323
1.027266403,-0.994494781
1.098820504,-0.085289697
2.813276504,-0.427862447
1.649181084,-1.572210655
-1.25889307,-2.150953089
3.509022616,-0.428774452
1.305998711,-0.786679321
0.874102856,2.306924138
-0.547188146,1.609424267
-0.790500208,2.744270054
0.31872925,2.850839091
3.386256199,-0.985966001
1.120461985,1.556247593
1.555333151,-0.274770194
3.252229656,1.000670667
-0.056568171,1.840453806
2.8975094,-2.521701493
0.376443831,2.088345773
2.62920821,0.15690768
2.977602511,-0.863751373
2.320705557,-0.864998797
0.103303227,2.006263234
0.988178851,-2.497381717
2.303988911,-3.102524748
2.028571588,-0.272107236
4.150099523,-1.218832219
3.599589316,-1.321305378
1.571509956,-3.551185508
2.955555017,-2.375091941
3.192188752,-0.638135629
-0.497158032,1.694997758
2.924910711,-0.642663476
2.066682675,-1.86607821
3.090115721,0.359952562
-0.457481518,3.147108804
-0.703596218,3.614664335
2.768665256,0.551578346
2.77033966,0.997626991
-0.289104543,-1.067593564
2.257115733,-2.233479337
3.891097529,-1.981011271
3.244156541,-0.192164831
0.708696806,2.029535319
1.6063482,-0.694468814
1.408622138,-3.490678286
1.941619122,-0.992506514
2.333117004,-1.696638698
-0.442993601,-1.296722079
2.668463236,1.262610407
2.150756874,0.250731474
2.808594063,-0.711330679
0.772632226,-1.577753374
-0.313332029,3.518939856
0.438220681,1.36930608
0.953813122,2.346634499
-0.567179292,-0.194946586
4.828423593,-1.332906163
3.009050694,-0.838138212
-0.320916579,-1.275222715
-1.365228491,3.538467095
1.490221525,-2.56174293
2.847242808,-0.212345147
1.434199345,-1.407836159
1.005537576,0.671448925
1.942362411,1.524152835
1.478031189,-1.442249177
-0.129775377,-2.096937664
-1.027913353,2.518212855
-0.756714706,1.530592415
0.237456491,-1.897143858
3.761692149,-1.365946896
2.295105102,-1.418628258
3.143047883,-0.120970662
3.206389512,-0.909594814
0.742289744,-1.788072209
0.1752181,3.16493434
-0.108836315,-2.028097396
2.208547548,-1.110480729
1.891303746,-1.487271804
-0.214859383,3.847796424
-0.146981478,-0.073944692
1.346532185,3.143194435
0.117679566,2.668234674
-0.26772281,-2.029003467
3.405426011,-1.8819956
4.174910164,-0.872923184
1.199433919,-0.812923819
0.07318363,1.161298223
3.043645027,-1.739608206
2.06432365,-0.307485011
2.321304279,-1.136721785
2.903515177,0.910288733
2.219846722,-0.756052775
1.158062762,-1.844893243
3.79246855,-1.339606455
3.560325884,-1.630214557
1.035580394,0.735943576
0.854882202,1.348511766
0.455764226,-0.922663817
2.839133437,-0.988422755
1.450781101,2.42423002
3.144336912,-1.261134325
4.472305353,-1.396509699
0.16196894,2.361379464
2.201214931,-1.437431393
0.807253123,-4.187039463
-0.045007079,4.905988813
1.421696031,-0.296382256
0.413647727,-1.798853421
0.319771907,3.257959956
2.575107312,-0.650073602
4.900379746,-2.380824127
3.98052539,-2.751207438
-0.50112131,-1.517756208
1.251576159,1.724021
2.777955291,-0.439424614
1.077124197,2.235226031
-0.48071688,-0.660275409
2.635693544,-1.764403072
0.805649572,-2.189066531
3.20642375,-0.959582251
-0.213493441,3.218968571
2.261872955,-1.700171724
1.625423057,-0.098070979
0.824343683,-0.540779819
3.107347637,-1.775016586
1.912276017,-2.0874571
3.452289632,-3.029565207
0.571332651,3.098862278
3.525243728,-3.424104722
0.226431298,0.242539954
0.997267831,-2.051408967
3.783225797,0.18989588
3.333331736,1.276707803
3.844610948,-2.281353934
3.340283595,-1.626522212
3.496670916,-1.611495898
4.580026137,-0.43265145
-0.353049672,3.064149769
3.153349938,1.685113114
1.836853711,-1.526837431
1.184325317,2.413274581
2.494930666,-1.714615832
5.04485896,-0.528162361
2.361679367,-1.550392102
2.723204438,-0.464927273
1.868366495,-0.325481895
2.6994232,-1.869421655
2.496082933,-1.712190785
0.606522348,2.648262883
2.318081123,-1.626373928
1.887568203,1.761040382
0.600882045,-1.464783259
0.399933302,0.695404601
3.340187409,-2.673801231
0.475264218,-1.850069824
0.056844028,-1.830951315
-0.001396728,-2.010110468
0.56755257,1.328984753
2.826383218,-2.104423117
4.032405223,-0.771893354
1.519087953,2.725956119
2.107533432,-2.178767468
3.605952397,0.455808126
0.025739369,2.186545243
1.089067259,-1.465889868
2.917172661,1.479395243
1.639190812,1.840680591
-0.73981362,2.722411327
2.642615344,0.671115315
1.326905495,-0.381393872
2.156725231,-1.261180063
3.422278564,-0.413957041
1.889652808,-0.844187561
0.644073806,-2.768650706
0.889483592,-2.541701992
1.411885352,-0.665864026
3.394718151,1.108357352
4.569689531,-0.272169717
3.01738538,-1.661100675
-0.93008145,-2.377914681
-0.140851695,2.354325186
2.24672156,-0.773661629
-0.021894983,-1.58240488
0.930625156,2.023756132
0.467900116,0.022338557
2.20587084,2.634950776
-0.487146087,-3.078909507
0.117944255,4.476080184
0.856523878,-0.885951409
0.809388835,-3.026257084
2.509814687,-1.565564249
1.54704633,-4.959766771
0.484594025,1.180344862
3.067522972,-2.021290472
1.64637144,-0.036545511
2.484939845,-1.933906676
3.101048277,-1.636611737
0.570415829,-1.727626384
2.206725777,-0.87883751
-0.253112888,-2.93474419
1.727841013,-3.163403483
0.93292161,-0.58793458
2.375839541,-1.781118141
0.041490819,3.766013473
2.20330211,-2.928216106
0.615071487,-0.092271428
-0.962625733,3.322836092
1.08570219,-2.126026288
2.498495597,-2.026232547
1.975819994,-1.01743708
0.845173919,2.005075872
0.669749881,-2.692966026
1.859735595,-2.500350487
3.16881316,-0.727529721
0.607259981,0.196139829
2.34999555,-2.915485843
0.928286035,-0.842062428
0.567904151,-1.269558649
1.330360709,-1.385418414
2.429791841,-2.690132057
-2.236333117,3.803482774
2.122878341,-3.777684471
0.021668486,2.564792456
0.829208438,-0.50189517
1.673116389,1.920818167
1.081218408,0.407592931
2.756168687,-1.404117848
2.154049479,-0.505054893
1.387834248,1.204992417
0.361189447,0.590468793
1.833757013,-0.897689734
1.903157027,-1.8016755
1.763200534,-1.343153412
-0.000595866,-1.456342562
1.268487265,2.85092271
-0.995013901,5.748159528
0.664511938,2.960219872
-0.529706924,-2.374057508
1.873402227,-3.025561467
2.333454769,0.032984881
4.296729297,1.530448968
-0.303765334,3.517375308
3.092874372,0.077886902
0.401521296,4.07478419
0.436519489,1.373332358
-0.24938555,3.369242653
-0.152933156,2.746202112
2.319811486,-3.889075155
4.149944969,-3.063171741
1.481332833,-1.113845844
1.737293447,-0.926145703
0.588505187,-1.9248829
2.172261936,1.309996312
5.165020292,-0.301766684
1.459431998,0.273143947
-1.335730131,2.741243131
1.231181787,-0.500314953
3.698449773,1.113758357
1.959906637,0.040150212
0.763940875,-1.124033147
-1.774392018,-1.502319364
2.130735881,-3.077919109
1.585644923,2.126448506
1.000377263,1.395099823
-0.149401332,2.346361221
0.850216441,-1.776855149
1.975306905,1.410834609
1.385842389,2.415716361
0.421839203,-2.127495138
-1.407627838,3.281457576
-0.229179704,-1.346383619
1.371781467,-1.650274431
0.158440082,3.413100336
1.207520359,1.821769849
1.603337401,-0.83135747
-0.254645701,2.232345797
1.160700609,-2.961522023
-0.226808923,-0.477731852
-0.218293468,-0.826799501
1.732331063,-0.608051355
1.210720801,-0.90941216
-1.229866761,-1.694471605
0.342456346,2.038643149
-0.349427592,-1.307008573
3.725679532,-2.375601247
0.206849581,-1.029689097
0.731340031,-3.357995431
-1.769080472,4.875162721
0.051925005,-1.18164554
3.590390081,-0.592318376
4.083552145,-0.728863475
-0.238988161,0.957163081
-0.46623617,3.310868526
0.509189248,-0.385323132
-0.158368194,-0.290905966
2.864426948,-0.158082022
-0.335904516,2.456827505
2.04008623,-1.96675438
1.115570262,2.000800269
-0.414242857,-2.334485561
2.793035916,-0.231205154
1.394557487,-0.127737037
1.745344328,1.89688902
0.038702214,3.935252678
0.562726943,3.495367951
0.79606272,3.36437388
3.28131131,-2.023019599
2.33670469,-1.915341101
2.033150842,-2.636734223
1.622461831,-2.009497959
1.282230224,-3.633540526
2.153140663,1.137355403
1.826589052,0.478313753
0.664831345,-2.792125375
2.162414981,-1.252906609
-0.062357797,2.955243657
1.549642935,-3.605617067
2.591507841,-1.562217771
3.776263643,-0.330891685
4.325695177,-1.758121987
2.935596885,-1.543698118
1.946016231,0.232366245
-0.494803861,2.987915645
0.267234522,-1.710434201
3.881783507,-2.107165727
0.757598562,-0.090811722
-0.781854459,4.211685476
3.609845151,-1.649447897
0.116499614,2.313165716
-0.280141224,2.045679689
-0.105898866,-1.688715358
-0.296691272,2.739862687
1.283508144,-0.904402887
2.390491756,-0.735641726
1.782186953,-2.094616884
3.666803233,-0.888452917
0.15535213,-0.571346335
1.235055628,-0.514228034
2.242086601,-1.785946688
1.267823401,-1.088444035
0.143613906,2.085628907
1.408634397,1.182803942
1.003770671,-0.978346221
-0.216548168,3.588010888
1.937350066,-2.572696268
4.170120886,-0.774117427
0.250070996,-0.984572536
3.724689506,-1.786416976
2.158193363,-0.869006427
2.34237778,-2.514349005
2.205731288,-0.752169543
1.189822656,3.80805251
1.581744509,-1.585676859
1.083944516,-2.441594623
3.045496523,-2.963891597
1.117518885,-0.573898696
3.127550885,-1.453277821
3.471847269,-1.499118639
0.7231526,-0.866325882
0.816654123,2.900630272
-0.06813399,4.091996799
1.908133996,-2.262692538
1.285642943,2.142948134
1.285563215,-1.013148233
2.105592385,-1.179569813
3.526309456,-0.247683431
1.179604985,-1.224578165
1.850311389,-2.470478892
0.854200117,-3.232617333
3.049888088,-1.362645286
0.442205666,2.18804512
0.191753122,-0.240956895
1.525774889,-2.940430965
-0.210817462,-1.114506255
1.497773799,2.227685991
-0.059900801,-2.938622637
2.280040131,-0.791966849
0.851328364,0.008896731
0.898163951,1.309624204
2.114556203,-0.87500495
-0.22219747,-1.073971785
0.67077908,-0.698881866
0.273847866,1.91866286
2.826326151,-2.22497389
2.929013793,-2.090812058
-0.340791552,0.266517759
-1.300613676,4.172976355
0.002776212,0.249132419
0.701250817,3.637195696
1.913936407,-0.785393315
2.169215207,-2.526442166
-0.304458317,-1.238759691
1.192749803,-0.65497357
2.754517716,-2.178895297
1.404383879,0.741330676
-0.152945111,-0.54116073
1.057225712,-0.110644989
0.772253656,-2.254395637
1.368039354,-2.241568405
2.339178227,-1.42310511
3.216112144,-0.620475757
3.069654885,-1.164694648
0.637734633,0.348137564
2.019577947,-1.864107016
-0.918023273,3.465065714
4.32002555,-1.752541169
2.723867429,-1.103874464
1.268162671,1.91471998
1.384804582,2.577445506
1.159936554,1.91588161
-0.237072007,0.934235212
2.518713452,-1.652152682
2.183190442,1.233234744
3.697548749,-1.512164131
1.659969812,-1.332012355
-0.429374745,-2.064883254
-0.017549298,4.124600282
-0.034248014,2.87930263
0.479111522,2.916597834
-0.232130386,-2.787254872
2.708403827,-4.318649082
1.238895863,0.52595587
0.139620037,0.724210899
0.083146826,-0.687600136
0.167075379,-1.778120789
2.519684798,-1.452666502
0.63834654,-1.083007323
1.795149855,-1.734665016
1.901803505,-0.886438855
2.956052224,-1.982430546
3.468099534,-0.36544524
-1.916745718,3.516968569
1.308162418,-0.297406929
2.619985252,-0.415548142
3.813338449,-0.746125354
3.174060836,-2.488825314
2.766166382,-1.551962071
0.342123155,4.444743802
2.367285514,-1.777475816
-1.058993183,-0.196282898
1.970859726,0.206503027
2.992540482,-0.570087815
3.841302955,0.370514223
0.75879645,3.141433993
3.022155971,-2.408993814
1.54683056,1.026976114
2.206490677,-1.648801943
2.504625978,-1.131705573
2.323802074,-0.786958122
-1.273808969,2.981527931
1.53603313,-2.707071367
2.860299726,1.450340723
2.38546785,-0.00505311
-0.590396694,3.227632667
-1.628866416,4.633178531
1.557271044,-0.404756256
1.388397023,0.692967827
-1.570717536,3.907174969
1.951254268,-0.875790998
0.258750811,3.158408142
1.270115663,-1.836482669
2.920089793,-1.316956972
1.094129446,-1.143409309
2.993876087,-1.489923309
5.068485847,0.057717018
1.219859425,-2.579760656
2.105157134,-1.661975351
-0.05636934,1.817510962
2.776297748,-3.364791871
1.948917371,-2.334952214
4.657827186,-1.469374437
1.059656164,-1.979270944
2.275611502,0.089994454
2.299121999,-0.236634361
0.38410597,2.82517998
2.385809386,-2.574462538
2.369771666,-0.251411183
2.868155651,-0.603634399
1.743950327,2.957625584
0.742027081,-1.583960422
3.716586576,-1.117961686
1.662523306,0.267625769
0.615200442,0.607297443
0.293609434,-0.3793104
-0.88779,4.005768754
2.696106843,-1.731278183
1.425279796,-1.124094924
1.491902859,-1.755363733
2.120186585,-2.141262523
-0.874549298,-0.452451274
1.365836457,2.112439768
-0.220965836,-0.248786215
1.287651338,-1.28282601
-1.084324626,3.416889728
-0.082326031,-0.028278987
1.527849074,-0.09072077
-0.28496948,3.069874127
1.334837306,1.451215033
-0.60282309,2.353971427
1.069656761,-0.818271807
3.405146801,-2.435435186
3.732888817,-0.101065245
-0.096285136,2.704468815
0.06121707,-0.759689999
1.195606999,-1.934208325
1.179418501,-2.100394194
1.992354415,0.168183539
3.19922161,-1.662801339
1.15472105,-3.556057623
1.085131039,0.86843826
0.409715831,0.454100559
2.108012523,-1.486923998
0.353358502,-0.972101532
3.376851016,-2.072062147
-0.225275781,-1.903200529
2.616229523,-1.21286142
0.542302925,2.78560589
1.793405477,-0.016579398
3.579327472,-0.239731029
0.768518579,1.534953114
0.791006101,0.017624185
4.160739212,-2.44078967
2.757140084,-0.79621874
-2.220538818,-1.980646493
-1.135523743,-2.483278797
1.986486327,1.155800187
2.374790659,2.229024362
2.443637355,-1.68920429
3.017963878,-1.646205479
3.39613999,-2.552020314
3.281401092,-0.936431857
0.712481409,-1.189543456
0.346541905,3.023067338
0.138293307,1.381367804
0.657205842,3.603079878
-0.772300017,2.982366639
2.406111855,1.291832545
-0.526281159,-0.74710053
2.150988926,-1.006169081
2.340330917,-0.337638499
3.109146144,-1.448857379
-2.169632206,-1.308133151
1.693660333,0.469900003
-0.294894533,1.422766199
2.283587301,-1.847437223
-1.450161799,-2.097079877
2.155403901,-3.464671722
2.632414069,-1.981778363
1.593788842,-1.596333997
2.231636666,-0.015695099
0.524350584,-0.552861002
2.121459536,-0.874833603
0.590594467,1.902526966
0.550684606,-2.348184418
3.374912047,-0.945887344
-0.239992135,1.666962655
3.512726919,-2.343376102
0.517237995,-1.629451167
-0.147075623,-2.115332344
3.525366192,-1.211566407
2.343252376,-1.030947974
-0.609695641,3.872231209
-0.172538608,3.683873499
0.835296639,-1.31707619
0.540902774,-1.636631705
2.47185667,-2.640058966
2.756204492,0.225230846
1.926631678,-1.588690495
1.047135531,0.699703026
2.892728245,-0.743573669
2.575836253,-0.548889087
0.78509533,-2.295097652
1.537855145,-0.024288445
-0.599336967,3.370082329
2.698176223,-1.428592669
1.659648433,-1.22151371
1.870542851,1.305316599
0.106474,-1.965112196
-1.1899034,2.159538841
-0.180660109,2.531579434
-0.376153135,2.283400098
1.56823707,-0.778533352
1.231666094,1.943997789
3.229374346,-1.93935532
3.035204603,-1.941651979
-1.202855047,2.953407915
2.437534562,-2.502656652
4.37988715,0.850872775
1.397311489,-0.701853984
-0.381875965,-1.625731012
3.099959803,-2.138470944
-0.377775933,2.626585104
1.835479038,3.154688499
0.834220415,2.026667399
0.737088732,-0.924081304
-0.932338888,-2.620271444
2.36432535,-2.767807175
2.055996416,-0.571690197
2.312929549,-0.835519145
3.180368031,-1.923729491
0.845093117,-1.216618784
4.069999171,0.370816389
2.362988975,-3.44242552
1.255013443,3.240929055
-0.797055646,2.671870443
-0.271932841,-2.829150837
-0.421042529,1.609704672
0.835643256,-1.976435588
2.768764406,-3.361959275
-0.55684598,-1.738332125
0.780633426,-0.801419168
1.328115481,-0.90850921
1.918492918,0.124201404
2.596657868,-1.485575386
-0.809081634,1.644306965
1.600867707,-2.911302586
2.359558661,-0.272147461
2.01382132,-2.132011529
3.449854177,-1.099370532
-0.238024164,-1.614799431
1.912776861,-1.752249056
0.276894527,1.156657646
-0.263734931,3.431736305
0.406561498,-1.901617358
2.255848923,-0.821302482
2.539923894,-0.633483356
0.862651984,2.588993603
2.294211675,-1.988609161
0.731498909,3.5486788
3.863514806,-1.106478921
-0.14007911,-2.21576973
0.072041366,-1.86722346
0.15561479,-0.513721019
0.652320706,0.620373222
-2.959909589,-2.078722727
1.63453267,-0.88469574
4.189196734,-1.845009631
2.581230913,0.697854393
1.916659107,1.280431525
-0.028238671,-1.105874091
3.943737132,-1.035360765
3.90941461,-1.225693376
3.277387796,-1.02675676
1.512163076,0.253510459
0.641002976,-2.243769037
1.681127292,-2.562296673
0.989559243,-2.082667088
0.157428641,-3.632616842
-0.278906385,-1.928260949
-0.784017329,-1.102779556
-0.17826345,2.395051111
1.225245197,0.406089136
-1.779457647,-2.339100803
1.797256049,-1.417510365
-1.501648858,3.630513088
0.802865124,0.108770713
1.097571795,-0.340915868
1.560599385,-0.013235487
3.710309438,-0.863144416
0.912211135,-0.410079365
1.853324007,-1.641137835
4.163819738,-1.153144561
2.801516463,-1.220043126
3.053650904,-0.531390464
1.36566601,2.278010225
1.457613065,-0.828617795
2.426119451,-0.289986307
2.044772774,-1.06414287
0.887300631,0.603170204
4.346185267,0.604536843
1.390469034,1.148181913
1.234169208,-0.80762516
0.773953989,-0.767089218
1.933998282,-1.662608195
0.604959154,3.456288257
2.834093826,-2.997549553
0.025639665,2.340771626
2.818305001,-3.352275906
1.696246743,-2.166676167
1.535462787,0.299319438
2.020657929,0.819210308
1.484579594,-0.124117075
3.62498181,-3.657538662
2.297832607,-1.964962049
0.40945923,3.244852708
1.998493614,-0.191195995
2.168419167,-2.068828293
0.293049941,1.618044421
0.028370978,-0.690631956
1.978623782,-3.155788899
0.848266521,-0.519121464
-0.932753655,-0.069773111
4.326691566,-0.516378504
1.635826095,1.480766665
2.89808164,0.347436125
2.078785987,1.521660448
-1.142579733,-1.294306367
-0.938873974,3.675543167
0.484760841,3.305719901
2.557869117,-0.778172179
2.715761266,-1.126290538
0.088708694,-0.984070794
-1.864281419,-0.142526707
2.998389907,-2.608714645
2.003589099,-2.461918496
1.346271567,2.110375318
0.497665034,-0.572280509
4.114407,-0.958576315
3.932316656,-0.411356575
-1.872373636,3.165355362
3.563615091,-2.465807771
0.385216799,0.796419016
0.751431369,2.965832396
0.381857207,-2.270400951
0.641841803,-1.784827941
2.149993074,0.826340172
3.079430175,-1.925196807
2.80849631,0.788519424
1.672640372,2.217074622
3.343152837,0.094937133
0.857299233,0.328943448
1.672429681,-1.536999654
0.697872966,3.470509642
1.71409591,-1.748479787
3.384622306,-0.900993957
2.597811288,-0.998172408
0.51642789,1.729352509
-0.83415302,2.432033168
1.495945244,-0.270598587
0.327964906,-0.129331675
2.231842428,-0.834871861
2.874722814,-3.255230028
0.777543876,-0.950396626
0.140293439,3.890786939
1.851157317,-1.230468278
0.583809729,1.277831766
3.878365502,-2.924182121
2.13700382,-1.038581062
0.879067084,-1.880037193
0.683762809,2.178239336
2.381554476,0.388226382
0.868216425,-0.300384506
0.889367213,-1.352814496
1.999465291,-1.707126612
0.304877627,-3.013816109
1.096959374,-0.615094489
0.192495919,-1.28831379
1.967363046,-0.705943531
3.597897548,-2.062948684
0.965625309,0.231990959
2.708097104,1.5026337
2.414015136,-0.165903165
-0.587124288,-2.874676978
2.301368592,-2.040798417
-0.175393407,3.074057408
3.591712218,1.25451636
-0.70605527,2.647097819
0.992764178,2.231874302
-0.490012087,3.72899907
0.234783907,3.639001772
1.583976692,1.060732725
0.028232672,2.934711165
2.622169501,-0.597836338
1.763701645,-1.267813717
2.492870776,-1.30299054
1.656053392,1.758905234
0.01958151,2.313940307
1.324746386,-1.127558448
2.545547845,-2.71674169
2.870860287,0.773006559
0.895449729,-0.532302774
-0.767065299,2.567756498
4.344961005,-0.275027496
2.768305787,0.556233801
-0.489620971,3.869214444
0.997284095,0.163843481
1.109898444,1.757413104
2.436964644,-1.252206842
-0.503442457,4.813241861
1.978496301,-4.178759833
1.496358483,0.22711545
2.166304479,-2.390778997
1.825170275,-1.465476363
2.639413702,-1.536105384
1.725088375,-0.736068441
0.797623717,-3.19857312
2.142724811,-2.140925506
5.114123759,0.004228505
0.862255602,1.982434274
-0.792696079,2.625078949
1.689699056,1.501973469
3.490939581,-0.419291194
3.149807111,-0.464226965
3.232068584,-1.2686796
0.488839908,1.295132924
1.264103956,-0.277446823
1.934972218,-1.930621915
0.663917602,1.680216509
0.064769683,2.926275962
1.876021208,-1.580455276
1.06526521,1.392246657
2.456077359,-2.101011733
0.607406988,2.397392199
1.765660879,-0.607377334
3.598311055,-2.010723166
2.30974636,-1.322995895
3.887811705,-3.222154271
3.856636389,-0.957640444
1.573134354,-0.294209131
0.667244294,1.707040779
3.08935823,0.645685761
1.779632039,-0.375127013
3.187778362,-1.782327508
-0.443667605,4.737202311
2.802110621,-0.941208736
-0.942575094,3.462809064
0.412005666,2.710171338
2.667291468,-0.992347078
1.632225826,-0.553373841
1.571486136,-0.304230922
0.445609335,3.493926958
-0.755313252,-0.895664975
1.526265627,-3.108693889
-0.704486226,-1.293131807
0.729921267,-1.318856956
2.758493823,-3.119279799
0.852274939,-0.036184485
0.942376807,3.365930678
0.776686613,2.71977487
1.032939218,-0.273004163
0.220600986,-2.615138147
2.245449488,-1.513478038
-0.588829229,4.111954164
2.132252127,-0.640812261
1.966437018,0.905638037
0.645561061,-1.630483079
-1.153084512,3.192448664
1.573135927,-1.192930511
-0.769269334,3.424390425
2.493464984,-1.460550195
3.443474838,-0.740537363
4.50260505,-0.736761689
-0.91813751,3.214377105
0.258202496,2.681589638
1.227418045,-1.926246226
1.434337111,-1.060599198
1.980279453,0.068717606
2.337990655,-0.058658159
0.250125496,-2.524008717
4.083335343,-0.748312033
0.214034008,-0.627809605
2.600114287,-0.878768753
0.942145535,1.814461214
2.791242667,-3.507239139
2.650417376,1.416182474
0.002154534,3.430269532
-0.559076214,-1.845329
4.359479795,-2.149418738
0.956264064,-0.380566597
0.650020793,-1.944548026
-0.312081854,-3.815249043
-1.009280709,-0.92339184
3.689568248,-2.775531217
1.990882068,-1.164231433
0.715175159,-0.9907045
1.442816549,-1.14300593
0.390828318,2.402475565
2.439608114,-1.65689563
1.430638601,-1.0316556
0.654253617,2.43957669
2.587424986,-1.693111142
3.054392288,-0.210897022
1.786759926,-0.121526031
2.05782522,-0.933403763
-0.90291146,3.180011836
1.358367084,1.776353773
0.054938514,0.234840672
-0.229911368,1.245065221
0.540768115,2.971168656
1.134805034,-0.285072656
0.511353385,-2.647067597
1.417091621,-0.737033838
1.583059093,-3.424584806
2.36436278,0.43523649
0.687507136,-3.690739832
1.007837954,2.672835377
3.157145117,-0.323860928
1.222058497,-0.79068629
1.37749149,-0.1001711
0.594026382,1.392784783
1.142277936,-1.610312616
0.313163115,3.433071414
1.293627001,-2.054131048
2.478922349,-2.73026754
2.259935366,-3.318377711
3.334100813,0.160607945
3.077600135,-0.592769582
0.536085258,2.134304528
3.052127685,0.51583913
1.630742778,-1.80489862
0.83094415,2.760792005
-3.000248776,3.827592438
-0.372257521,-2.130278518
1.091793176,2.288241922
1.069058716,2.610728661
0.15891855,1.724936348
-1.785104007,-1.795729278
2.184092014,-2.495604174
1.791860477,-1.806440301
0.899659099,4.667658003
1.162058828,-2.961785214
-0.076037188,2.928208249
2.655772617,-3.337357987
0.374786862,-1.563097208
2.96747869,0.016809052
1.923088025,-1.857518252
0.026683421,2.658586545
2.191607389,-1.864579687
1.40238732,1.364009148
2.752279146,-1.748018836
2.417002725,-1.246268649
-1.0135779,-3.080863907
1.82056494,-0.491433117
-0.202749168,2.867192611
0.557409598,-1.598013995
3.562084026,-1.735902033
0.461478421,1.381442483
-1.6255373,-1.343576701
1.65963598,-1.463350218
0.689116072,-0.741080876
1.766016408,-0.16594461
0.510522101,2.016711028
1.997096868,-0.603245398
3.408799142,-5.052454304
2.583431329,-1.820987861
3.166512599,-1.493624369
1.136918005,-2.686689044
1.123861053,1.550438494
2.679068637,-1.348659471
1.177297527,-1.190383436
1.513066402,0.474014715
0.586322586,0.495215135
3.384575479,-1.627442591
2.14971492,-1.155574717
3.316587187,-1.119936072
2.469025174,-3.243001818
3.35360632,-3.775402666
2.854336084,0.585820857
1.13771588,0.824130996
-0.391645835,3.42118123
1.496687479,2.722995416
-0.475187148,3.471657196
1.153275452,-2.616810937
2.55730813,-0.665246123
1.113483326,-1.879509505
0.552466381,-0.901723431
0.241435364,-2.539205714
-0.827051403,-2.07636668
1.70801399,2.344336054
3.359603713,-0.65581196
-0.992323472,0.807033779
-0.723841915,-1.628395672
-0.405627539,1.920702912
-0.463446365,3.732203688
3.897176387,-1.945188108
-0.115521603,2.813173363
0.166412735,3.525601156
-0.263986298,-2.390022484
1.358126546,-1.26828749
2.761266829,-1.816671075
0.769306494,2.487113764
1.680571633,-0.358519585
1.014147445,-0.064366195
1.108299653,0.581137935
3.128934128,-0.121516974
0.526713573,0.543666072
0.033184302,3.575375424
2.101568069,-0.837357458
0.149629872,2.905409764
-0.501747705,-1.977707151
1.923708367,-1.248902031
2.737589266,-2.347797656
0.40957856,3.558556732
2.594405033,-1.638491835
1.825063172,1.486021176
-0.532384496,-1.413676317
2.080379233,-0.473534064
-0.6391424,3.985535056
-0.489137132,-3.019201652
0.474671201,-1.97758125
1.849402429,-3.119928175
1.092108578,-2.197901875
-0.206971677,3.673878308
0.4726825,-0.025246155
0.625080769,2.179864385
-0.807052789,3.168832495
0.12030712,3.184786815
2.551624502,-1.887434929
3.50944493,-1.051205533
1.321203712,-1.401572074
3.052272335,-0.58988358
1.802039897,0.134190541
1.641420704,-1.31908904
1.733444431,0.208733176
-0.204509225,2.528760635
2.751376046,-1.061554926
0.236813334,-3.259918548
-1.947919248,-0.243307335
3.286932634,-1.147180308
1.342244439,2.936218859
1.888438816,-1.326993461
3.191029857,-1.103965252
0.228320398,2.15851601
0.873901468,3.105647716
4.178718481,-1.170629864
0.914379934,0.52191156
3.449113522,0.978068101
0.522914052,3.648432216
0.619738959,3.346150755
-1.416615231,2.198663482
0.726922035,1.329185136
1.043573374,0.607051605
2.204991894,-1.601225395
0.571291826,2.16739066
1.179484612,-0.343103327
0.884859571,1.150780485
1.850291992,-1.750255574
-0.888403648,-1.249828169
0.446899111,1.992451344
1.479001018,-1.460964062
0.431691951,3.424803993
-1.363173789,-2.477459695
1.052837378,2.299384337
0.141789924,0.01016209
1.197161435,-2.280715527
1.996318948,-1.159243478
1.328718831,-2.489838063
1.713096831,-2.112979322
3.490384944,-2.654337607
1.490254411,-2.04896743
1.531455975,-3.143720246
0.896701083,-0.185675081
1.890867239,-1.538441617
4.32582453,0.67570983
0.691266404,4.089399409
0.751131268,-0.027693786
2.027704317,-1.176623369
-0.519221383,5.453642866
2.468462422,-2.615382736
-0.669028026,3.684206168
1.904461151,-0.932901235
2.167736165,0.490052053
-0.536727144,2.628025522
3.39885278,-0.202643745
4.016525372,0.113929183
-0.338992667,1.472599917
1.85281115,-0.297377838
0.050123344,-2.644389245
0.802555879,3.536139775
0.921158158,2.222694349
3.748364955,-0.838854316
0.110124048,2.183294799
0.134467131,-0.029410924
-0.07261252,2.880695756
-1.652924918,4.535616493
-0.269771924,3.058287362
1.21713416,-2.328027459
3.00260625,-2.841740952
3.441954479,-0.85508243
1.39138102,-0.33650856
-0.991921783,3.882765262
1.19535015,-1.195874196
-1.326374817,2.786837874
2.98489939,-0.85180484
0.548078816,0.371090603
5.219420986,-0.760352252
2.658325992,-1.645460898
2.799394838,-1.201664622
2.331171608,2.432272485
-0.093304143,-1.09381838
-0.943908887,3.316066295
1.438720793,0.886762167
-0.361936168,-0.630356636
1.08252462,-0.567193386
1.615733723,0.898094675
2.228729897,-1.937592788
-0.065376406,2.25879558
1.937959321,-2.410234783
1.855534259,1.212127097
1.334452788,2.661433961
1.693846796,-1.94850329
1.376687563,-0.526805129
-1.232408992,-0.903269857
3.611065758,-1.978217743
1.690568961,-0.71106875
0.575366581,-0.48752651
2.11246239,-2.806818654
-0.234033229,1.295633071
0.101454064,3.62028972
1.016056137,-1.242855693
2.231503842,-1.511444688
0.872479899,1.738242227
0.756097013,-1.887657703
-1.490723005,-2.178271699
-0.413165802,3.143690824
2.991691129,-2.597249797
0.385455,-0.518677546
-0.807375974,3.477050525
2.287516546,-2.233434011
0.662771961,4.03789707
0.935634396,-2.511182201
2.119540372,-1.337712545
1.021970358,-0.352963848
1.590859482,-3.999997619
1.382186811,-1.360620081
3.151739316,-0.657565389
1.473262048,3.140002665
1.685805128,-3.260393248
0.194301117,2.803846339
1.55006657,2.033582467
4.518398893,-1.106389983
2.241080882,-2.077002
1.741388297,0.791574998
3.216593449,-1.62813848
-0.187461705,2.473305913
-0.564065262,3.301731218
1.971493752,-1.586438466
1.052213989,-1.958394673
2.825716466,1.773379712
-0.268619425,2.470526941
1.354186396,2.725101048
3.768976782,-0.279262056
1.414648995,-0.895794024
0.826242607,2.451664171
0.076556252,1.783714312
1.46616403,-1.093867266
1.923764402,-1.371773799
-0.375721432,-0.643508964
3.363217773,0.789151103
0.441099136,2.134479375
-0.596015659,3.282413645
0.436013908,-3.207695355
2.295712525,-0.878303035
4.894498701,-1.06455497
4.02796305,-0.999035872
-0.613871707,-3.756958846
0.110810346,-1.94339311
2.584300129,-0.947378707
-0.917755371,-1.208140252
2.612999027,0.532499616
1.208649929,-2.387308544
1.362396097,2.846332424
2.069095631,0.210297206
3.053222284,0.341025547
-1.257059834,3.629258605
1.686090528,-1.338001168
1.109424065,0.269385944
1.006141636,-2.240171747
-0.709473659,3.45898999
0.302770639,1.947706415
2.37745191,-1.228618105
0.666442857,2.369750568
0.1824327,-1.133611004
0.516598139,-1.086171593
4.666351869,1.188899575
0.90331573,0.332734096
2.197306665,-0.340974016
2.569873053,0.01142042
3.839168921,-2.190083853
1.609044757,-0.504321706
0.402751055,1.239770191
2.41863334,0.531634401
0.133382794,-1.431247811
1.528538944,-0.305454863
1.557531716,2.412989106
-0.300641948,3.481806121
3.077720041,-0.21245593
0.301507943,2.569719789
0.686948993,2.887381261
2.357338261,-0.768822423
-0.43538656,3.014971787
-1.039615712,-2.098503354
2.513644944,-3.162908431
2.668996165,-3.073388761
-0.335258181,2.891836089
-0.8008097,-1.100574948
3.185590308,-1.240809233
2.343578805,-2.7997607
1.15688142,-1.980446116
-0.640238925,3.511707121
-0.897264108,1.341237397
4.575157805,0.012914466
2.664595787,-0.556873425
2.013259677,-0.852596047
3.609792563,-0.314845187
1.306972886,-0.813531641
3.065736108,1.196615621
4.471149044,-1.720473578
0.638023124,4.369759398
1.271053457,-1.410899918
0.602454903,-1.229411355
2.172211722,-2.023241897
0.761514651,-1.593350324
1.867560781,-1.847463611
2.308719403,-0.016975877
2.815281573,-0.044729894
0.354426693,-0.422641807
0.317440931,1.972146385
2.314067149,-1.706652049
1.890793533,-1.564909397
2.107920629,-1.483909798
0.110633384,3.51896133
0.407705002,-2.095675124
2.465645095,-0.110758972
1.722058934,-2.120374099
1.889881089,-3.191309078
1.093812777,-2.187102992
0.873847201,-0.674876742
1.249051165,-2.234712015
-0.510302476,4.043439644
0.687391399,1.834215766
0.136189996,2.146410305
2.011478231,1.915380011
2.63497435,-4.062765303
-1.254100361,3.242046034
0.685702637,-1.695804333
2.223747342,-1.038782301
-0.047043555,-2.020803479
1.838539444,-1.339101648
0.515257553,-1.557090768
0.584202511,3.562006928
1.79751676,-0.135383629
0.225007886,3.463020611
3.6214649,-2.413264595
2.285027837,-1.403738399
3.506483276,-2.84059353
3.142534392,-2.232304276
2.645882678,-2.358480481
0.615742658,2.175071851
-1.099146312,-3.630214302
1.787870582,-1.574210268
1.788417656,-0.678702322
1.281113336,-0.00216632
2.592174623,-2.768939347
0.89514481,-0.273467118
1.998862492,-0.632858373
0.938602948,-0.786704396
3.921921708,-1.203706012
0.553758637,-1.327021893
3.66770755,0.384687805
1.090387409,-1.270667768
2.897896537,-2.813759147
2.996861198,-0.937400858
1.007616896,-1.177071675
4.051759492,-3.272139353
1.456492279,-2.030147985
0.831050409,-1.695019831
-0.962926402,3.124823765
-1.116129976,-3.00377397
4.236283339,-0.845415501
1.864939481,-2.30381884
0.759761863,-0.964603087
0.870713044,2.939306923
2.370054978,-1.132668915
0.464923785,3.817707599
-1.651672151,3.791395552
0.495955654,2.60580857
2.782682883,-2.049417892
1.734722566,-2.684445252
0.852698948,-0.769185949
-0.241324689,2.70525154
0.468212914,-1.11586507
0.984897583,0.510639919
2.805279912,-1.784570542
2.20538334,-0.671339114
0.198292465,-1.704094185
4.177939102,-2.704387456
3.914485492,-1.08883848
-0.334138288,0.018905043
2.530513614,-2.114098722
2.683293721,-1.684372974
4.114473453,-4.034411845
2.121107576,1.879284368
2.818473677,-0.879876722
0.657330238,3.553985194
2.268958352,-1.05333939
-0.666133736,-1.578432267
1.01358388,1.020679457
2.077116985,-0.122206529
1.70705035,2.365306028
0.211347274,3.253339732
0.706228644,-0.339095955
-1.465050875,4.796772749
0.422731957,3.563908724
1.022247913,0.05109337
2.987161559,0.000286858
0.22039695,4.575975428
0.975847635,1.845720706
-0.440962752,-0.184826479
2.016612241,-1.007808086
-1.848203792,2.096440226
1.180381274,-2.282740833
2.895573368,-1.873570891
2.036492285,-1.777910382
-0.373950483,0.418878416
0.390338789,1.618262652
1.383011753,-2.31943182
1.514700379,0.291307304
2.067529733,-3.060780133
2.857934396,-1.737670286
0.460143782,2.908425288
2.426718983,2.847288106
-0.959977305,3.508571007
2.056283623,-1.1664418
1.504144361,-1.209435288
2.532367927,-0.222407774
1.414983154,-1.466893279
1.504978971,1.454511064
0.297003497,-1.012890101
0.404600302,3.078120617
0.745325957,-0.764772835
2.184646673,-1.39260238
2.443088684,-1.513989093
0.914941452,2.589054562
4.337857719,-1.008860501
3.761841913,-1.941603454
1.370805783,-1.653165196
-0.06996777,3.823851968
2.298414105,-2.671165268
-0.54175064,2.089416828
0.850396362,-1.96730467
0.22675395,-0.960928734
0.181941173,-1.847436965
0.123080462,0.163351175
2.732888966,-0.338965116
0.126707808,2.999756879
1.00692312,-2.238237877
3.051324525,-2.127913098
1.957671053,0.347098964
2.977857793,-1.327681
2.030455118,1.110289381
0.884103632,2.777376011
1.879477952,-1.272406786
0.725412596,1.646463869
1.338425725,-3.308559506
2.894202951,-1.17915065
0.11143181,-2.392837401
0.690395008,3.190352642
0.411104688,-3.340347262
0.226338067,4.805611825
-0.12810258,2.354979655
-0.473606214,-2.545986444
2.78644587,-0.159385364
0.671752554,0.810325491
2.189194636,-0.697058245
1.715327464,0.171875588
1.639844565,1.046290083
2.409951023,-2.57415723
-0.575431799,3.032502139
3.628390941,-2.632613488
1.780698516,0.494099704
2.480326636,-0.368105496
1.324036193,-0.645781629
0.930819042,2.55950228
2.87582202,-0.766917936
1.933110017,-0.637154502
1.984052441,-2.836483977
3.071311384,-2.185859975
3.013781846,-0.446245693
0.760653255,0.750056212
3.201584418,-2.087355553
1.235302691,-1.616244058
0.50996962,-1.059070043
2.839841031,-1.708325383
3.095620341,-3.517301159
1.969010966,0.42145772
1.422606048,0.501870004
1.513037824,1.598014883
3.467807981,-2.555572462
-0.942640129,-0.24165805
1.771765071,-2.120765538
0.807140222,0.275941327
1.254555473,-0.332882834
5.516041875,0.852387671
2.494077299,-1.77159573
-0.357369276,4.337395235
-1.470956223,4.591838282
1.960602494,-3.176743117
1.866005992,-1.747634029
-0.480133316,1.950917454
2.604014728,-3.399640645
1.708006512,2.56237067
-0.066228491,-3.423190385
0.64082636,-1.310819407
-0.012988377,-2.460882352
1.875576623,-2.070881648
2.544565218,-1.981221951
-0.290194875,-2.863152801
2.009540407,-0.814176604
4.269656337,-1.405098642
1.322779129,-0.248512491
2.599818241,-2.068617358
2.285532264,-1.57609274
0.409503966,-2.637537579
1.331641747,-1.556651056
0.127799373,3.717662956
3.419446324,-2.011617387
-0.238699601,-1.191150369
2.32588928,-1.716384756
2.93392973,-3.487142167
1.107002236,-0.550321456
1.090283115,-2.523591043
3.715767036,-2.135925611
1.789087139,-3.195049534
4.196682774,-1.607947723
-0.413324376,4.119457779
0.587578844,3.963418365
-0.018047869,-1.449811574
3.599538984,-0.142036385
2.321963322,-1.511487041
1.351013176,-2.518487
4.432664234,-1.271014554
2.511563881,-1.88364361
0.120891784,-1.158374844
2.889247086,-2.787512467
-0.139326944,3.304535686
3.755366816,0.563083183
-0.291319566,2.908196147
3.575306079,0.632654909
0.606969029,-0.562376689
3.111235121,-1.506351729
0.658560479,0.963118159
-0.623793587,2.550286258
0.158230727,-2.614152069
0.150654469,-1.67155534
1.622133857,-1.107712623
4.798938339,-1.268802299
4.824623162,-0.948096984
0.011377229,1.536337729
2.546238903,-1.156858504
1.612687642,0.978910231
1.796587846,1.995269323
0.402429471,-1.356550656
0.724461567,-2.707598172
1.437045634,1.855702993
-0.128820461,2.890685733
-0.31162748,0.73200112
3.10216583,-0.813178489
1.120636483,1.878348856
1.829282671,-2.042666582
2.4969402,0.475282456
0.959415581,-2.411545581
1.152416761,-2.401481156
-0.133305459,-2.463239335
-0.070269553,0.428629414
2.009585186,2.346519529
-0.109036154,2.987272108
1.57707464,-2.462776094
1.83991121,-2.285214067
-0.219025818,-0.384807005
-0.76813209,-1.225199831
1.375772901,-0.23748072
2.512925034,-0.643849247
-1.258660996,3.583523077
0.618376408,-1.712207599
1.086477994,-2.778262467
1.045823712,-0.864229456
1.4061056,-1.414756716
1.343393012,-1.791047797
0.566684077,0.826881943
3.23273972,-1.050638957
3.394839068,-2.468786155
-2.689078157,4.059991212
0.369062889,-1.989182522
0.746463342,-4.192976658
-0.190481685,1.569432506
-0.048904441,2.356008566
2.348832293,-0.000931433
3.818222771,-1.896688376
2.151223943,1.883314531
4.042157582,-0.877532808
0.597379862,-0.494435844
4.208771524,-0.822141307
1.778694388,0.39772847
2.556968333,0.468094502
1.657493989,0.808578767
-1.721717004,3.465652956
2.406287301,-2.674064428
3.300623641,-1.161699808
-0.996814738,4.435157032
2.977385027,-2.450331169
-0.057249396,-1.727362418
2.304666478,-0.982854706
0.688724686,-1.32164065
2.057069068,-0.991180472
0.620462309,-2.085334728
3.089197716,-1.420646312
0.305917823,-2.882222873
0.698855656,-0.807737466
0.43388992,3.819394401
2.044658287,-1.596605773
1.897214542,-0.688768374
3.277862734,-0.496555022
0.470482078,0.144325158
0.216358947,-1.109889763
-0.894835138,3.794890693
1.056306815,2.809390781
1.003075141,-2.801453277
0.573164627,3.179751974
3.347114169,-1.452658739
4.301630002,-0.716340457
-0.062266695,3.454574344
2.601815974,0.138680185
0.89924667,1.086214677
2.589472529,-3.084308666
3.770328037,-1.040371686
1.786624065,-2.063164913
0.867381046,2.888732684
-0.433040438,-1.22278202
1.050777088,0.642576897
1.302935002,-0.637481652
1.496826029,-1.106292725
2.397759074,-0.617858664
2.744969195,-3.216303994
0.939316464,-0.692130743
3.760732232,-0.851776419
1.656576401,-1.844063558
3.538803059,-0.428133633
-1.190205893,-2.114925699
4.118962302,-0.358325787
-0.922734736,-2.441364222
1.250602912,2.89458919
0.638611492,2.53736989
1.32817788,0.691623348
0.944975851,2.173130144
-0.624803389,2.553520133
2.515134434,-0.391211676
2.975682056,-1.282552643
-0.590484836,2.088144853
0.78201475,-1.382610941
0.663327174,2.686559183
2.741379795,-0.439563956
0.868347851,1.792193861
-0.251519972,4.478598353
0.458862024,3.151425884
1.03789602,2.379628801
1.390155261,0.36262164
3.030868719,-0.607794041
-0.342763776,2.818473789
2.660101522,0.746108316
-0.339210757,-1.944045406
2.27709693,-1.197651414
2.733174717,-0.356045435
1.133051985,2.633855806
-0.163643609,2.892081099
3.369478999,-0.911340471
1.991581005,-0.820285351
3.989348688,-0.592668747
-0.368386659,3.286106692
2.091305299,-0.339581779
1.42156958,-0.059733079
-2.753604009,-1.077796272
0.845233029,1.572829584
2.381832646,-0.738157829
-0.459053164,-2.795933346
3.706015482,-0.11282375
2.430615824,-2.412070463
0.066707905,-0.2921974
2.845666243,-0.499610917
1.270388189,2.486499618
1.175203824,-0.084941842
-1.577975928,4.497332574
2.55197951,0.448073745
1.974992532,-1.830625082
2.474067126,-2.108558218
2.279922535,-0.574844552
2.961083474,0.662552696
1.857430814,2.396909345
0.778850747,-0.683221871
0.997701589,1.65366065
1.609213056,-2.477963724
3.126648076,0.328061017
1.084981175,-0.467771602
1.409651665,0.219600174
2.074256262,-1.22374387
1.970588744,-3.801909128
2.58411,-0.833504176
2.581776521,-0.350405509
2.780780563,-1.985398899
2.678204599,-2.749955202
1.435087855,-0.715894392
2.988288075,-2.082144333
2.772538363,-2.649173481
-0.198387385,-1.675965088
-0.764711702,1.898972129
1.50287148,1.528505502
0.473856445,1.697131463
0.174658726,3.832093942
1.569233084,-2.018244421
1.025710348,-1.409385918
1.360064867,-2.013446986
-1.372400841,-1.508182987
-0.010207594,0.716455562
1.918192315,1.762581222
1.718761266,-0.819376763
2.583038969,-3.774776513
1.094122068,1.480103728
-0.662465974,-3.378521833
1.813888034,-1.79484127
1.186715033,2.048775202
2.406764217,-1.717139857
3.441157347,-1.89849526
-0.335062722,1.893579005
3.502434402,-1.028562098
4.441238582,-3.427435179
0.4712205,3.238208928
1.525482769,-2.119498195
0.887707641,-2.181879842
2.079083828,-2.064898477
2.684747884,-2.183697239
-0.383975511,-0.91265185
0.523180513,1.694054844
2.270129439,-1.134099223
-0.100726495,2.964626185
2.375219745,-2.061197757
1.737618934,-1.260988643
-0.964671848,3.299047154
2.400879618,-1.642069687
2.986459782,-0.745477158
2.870052061,-0.72759418
0.315222277,2.611239365
2.63656712,-2.244404371
4.61912649,-0.466380421
3.000338179,-1.620094764
-0.450597192,3.652452776
0.326979303,-2.490915623
3.018184983,-2.047831311
3.240782747,-0.711585832
1.234135793,-1.660063703
2.326814219,-0.700419935
2.45180817,-0.760403694
1.223245456,-1.711081143
-0.713792191,0.044584755
0.758222039,-1.834634465
0.706945832,-2.488125564
2.158372327,-1.635341896
4.407869946,-1.588973428
0.306742057,3.054894141
2.954088928,0.16345782
1.894239787,-1.036306206
1.540716307,-0.942242256
2.749785016,-1.290568607
3.035605999,-1.148572871
-2.068360463,3.648999514
2.276801985,-0.562138871
3.347816216,-1.390945273
1.354085694,-1.49930145
0.125844467,1.449998649
1.91431124,-1.761597813
5.167864898,0.245722109
1.746671764,-0.783014188
-0.44604295,3.829084361
2.903622637,-3.340444984
2.884922182,-0.285106895
1.717882482,-1.099901047
0.598367576,1.810266698
-1.131308603,2.276527833
-0.019626101,1.663964875
2.976472943,0.241332954
3.235747577,1.157596068
0.917974946,2.037123274
0.116672655,3.73096375
-0.185367672,-1.051545385
2.07374812,-3.53066259
1.000295565,-0.215643813
1.235696903,-0.776568392
0.574727155,-2.285798656
0.293439788,2.090782449
2.001376772,-1.405073911
-0.092287158,1.919931924
2.947926027,-1.128657523
1.702382173,-0.774667537
2.030834406,0.46614643
3.456904855,-1.621250586
2.775014777,-1.280714348
0.195079992,-1.957089099
-1.484930204,3.327776216
2.300039532,-1.668383013
2.351401222,-2.146034873
4.105998506,-2.107502
-0.453752841,0.67756672
1.285106903,-0.75741222
1.809611773,-0.234315649
1.525486878,-0.315879007
0.167769389,0.000144602
3.228934558,-0.420094861
1.374856526,1.720074499
-0.863039311,-2.885292962
1.5019459,-3.65266333
0.2795263,-3.308476419
1.875546827,-1.021495592
0.237399076,3.63227353
3.110174004,-0.594896911
-0.205799297,-2.352730901
-0.8281435,3.559777028
-0.126416824,3.185394774
2.485450752,-0.716622722
4.376384802,-2.110725251
-0.131562117,2.849417878
2.195982525,-1.692867573
-1.246649137,3.659330879
2.4339233,-0.818849394
-0.326304057,2.152877152
1.678260927,-1.376522603
1.676466655,1.644192748
2.1766628,-3.75013833
1.334941996,0.059459621
0.577268326,-2.791470724
4.47818721,-1.262429836
1.635756277,0.06202021
1.25894656,2.456656444
-0.82029989,2.812427667
